Workbook

Sheet Simulated_Data
A1: Trial | B1: Final Return
B2: =_xlfn.NORM.INV(RAND(), 0.08, 0.15) -> 0.13057196
B3: =_xlfn.NORM.INV(RAND(), 0.08, 0.15) -> 0.26858235
B4: =_xlfn.NORM.INV(RAND(), 0.08, 0.15) -> 0.089466899
B5: =_xlfn.NORM.INV(RAND(), 0.08, 0.15) -> -0.077370416
B6: =_xlfn.NORM.INV(RAND(), 0.08, 0.15) -> -0.15525501
B7: =_xlfn.NORM.INV(RAND(), 0.08, 0.15) -> -0.030350457
B8: =_xlfn.NORM.INV(RAND(), 0.08, 0.15) -> 0.16950721
B9: =_xlfn.NORM.INV(RAND(), 0.08, 0.15) -> -0.16533823
B10: =_xlfn.NORM.INV(RAND(), 0.08, 0.15) -> -0.2786503
B11: =_xlfn.NORM.INV(RAND(), 0.08, 0.15) -> 0.30412616
B12: =_xlfn.NORM.INV(RAND(), 0.08, 0.15) -> -0.15160516
B13: =_xlfn.NORM.INV(RAND(), 0.08, 0.15) -> 0.10436548
... B1001: =_xlfn.NORM.INV(RAND(), 0.08, 0.15) -> -0.10444501

Sheet Summary
B3: Metric | C3: Value
B4: Expected Return | C4: =AVERAGE(Simulated_Data!B2:B1001) -> 0.081170863
B5: Volatility | C5: =_xlfn.STDEV.P(Simulated_Data!B2:B1001) -> 0.14999556
B6: 5th Percentile | C6: =_xlfn.PERCENTILE.INC(Simulated_Data!B2:B1001, 0.05) -> -0.15779009
B7: 95th Percentile | C7: =_xlfn.PERCENTILE.INC(Simulated_Data!B2:B1001, 0.95) -> 0.31934283
B9: Column1 | C9: Return
B10: Conservative | C10: =C6 -> -0.15779009
B11: Expected | C11: =C4 -> 0.081170863
B12: Optimistic | C12: =C7 -> 0.31934283

Sheet Dashboard
B2: Metric | C2: Value
B3: Expected Return | C3: =Summary!C4 -> 0.081170863
B4: Volatility | C4: =Summary!C5 -> 0.14999556
B5: 5th Percentile | C5: =Summary!C6 -> -0.15779009
B6: 95th Percentile | C6: =Summary!C7 -> 0.31934283
B8: Scenario | C8: Return
B9: Conservative | C9: =Summary!C10 -> -0.15779009
B10: Expected | C10: =Summary!C11 -> 0.081170863
B11: Optimistic | C11: =Summary!C12 -> 0.31934283
